CREATE DATABASE  IF NOT EXISTS `tesis` /*!40100 DEFAULT CHARACTER SET latin1 */;
USE `tesis`;
-- MySQL dump 10.13  Distrib 5.5.44, for debian-linux-gnu (x86_64)
--
-- Host: 127.0.0.1    Database: tesis
-- ------------------------------------------------------
-- Server version	5.5.44-0ubuntu0.14.04.1-log

/*!40101 SET @OLD_CHARACTER_SET_CLIENT=@@CHARACTER_SET_CLIENT */;
/*!40101 SET @OLD_CHARACTER_SET_RESULTS=@@CHARACTER_SET_RESULTS */;
/*!40101 SET @OLD_COLLATION_CONNECTION=@@COLLATION_CONNECTION */;
/*!40101 SET NAMES utf8 */;
/*!40103 SET @OLD_TIME_ZONE=@@TIME_ZONE */;
/*!40103 SET TIME_ZONE='+00:00' */;
/*!40014 SET @OLD_UNIQUE_CHECKS=@@UNIQUE_CHECKS, UNIQUE_CHECKS=0 */;
/*!40014 SET @OLD_FOREIGN_KEY_CHECKS=@@FOREIGN_KEY_CHECKS, FOREIGN_KEY_CHECKS=0 */;
/*!40101 SET @OLD_SQL_MODE=@@SQL_MODE, SQL_MODE='NO_AUTO_VALUE_ON_ZERO' */;
/*!40111 SET @OLD_SQL_NOTES=@@SQL_NOTES, SQL_NOTES=0 */;

--
-- Table structure for table `configuraciones`
--

DROP TABLE IF EXISTS `configuraciones`;
/*!40101 SET @saved_cs_client     = @@character_set_client */;
/*!40101 SET character_set_client = utf8 */;
CREATE TABLE `configuraciones` (
  `id` int(11) NOT NULL AUTO_INCREMENT,
  `iduser` int(11) NOT NULL,
  `name` varchar(255) DEFAULT NULL,
  `url` varchar(255) DEFAULT NULL,
  `file` varchar(255) DEFAULT NULL,
  `engine` varchar(30) DEFAULT NULL,
  `created` datetime DEFAULT NULL,
  PRIMARY KEY (`id`)
) ENGINE=InnoDB AUTO_INCREMENT=59 DEFAULT CHARSET=latin1;
/*!40101 SET character_set_client = @saved_cs_client */;

--
-- Dumping data for table `configuraciones`
--

LOCK TABLES `configuraciones` WRITE;
/*!40000 ALTER TABLE `configuraciones` DISABLE KEYS */;
INSERT INTO `configuraciones` VALUES (13,1,'wizepost_active','jdbc:mysql://127.0.0.1:3306/wizepost_active','wizepost_active.sql',NULL,'2015-09-01 19:37:43'),(31,1,'atla_db','jdbc:mysql://127.0.0.1:3306/atla_db','atla_db.sql',NULL,'2015-09-02 00:12:41'),(45,1,'sakila','jdbc:mysql://127.0.0.1:3306/sakila','sakila-data.sql',NULL,'2015-09-14 19:01:01'),(46,1,'world','jdbc:mysql://127.0.0.1:3306/world','world.sql',NULL,'2015-09-14 19:01:22'),(48,1,'fcsadm','jdbc:mysql://127.0.0.1:3306/fcsadm','fcsadm.sql',NULL,'2015-10-04 14:25:43'),(58,1,'employees','jdbc:mysql://127.0.0.1:3306/employees','employees.sql',NULL,'2015-10-09 02:00:35');
/*!40000 ALTER TABLE `configuraciones` ENABLE KEYS */;
UNLOCK TABLES;

--
-- Table structure for table `consultas`
--

DROP TABLE IF EXISTS `consultas`;
/*!40101 SET @saved_cs_client     = @@character_set_client */;
/*!40101 SET character_set_client = utf8 */;
CREATE TABLE `consultas` (
  `id` int(11) NOT NULL AUTO_INCREMENT,
  `query` text,
  `time` double DEFAULT NULL,
  `iduser` int(11) DEFAULT NULL,
  `idconfig` int(11) DEFAULT NULL,
  `created` datetime DEFAULT NULL,
  PRIMARY KEY (`id`)
) ENGINE=InnoDB AUTO_INCREMENT=334 DEFAULT CHARSET=latin1;
/*!40101 SET character_set_client = @saved_cs_client */;

--
-- Dumping data for table `consultas`
--

LOCK TABLES `consultas` WRITE;
/*!40000 ALTER TABLE `consultas` DISABLE KEYS */;
INSERT INTO `consultas` VALUES (1,'SELECT * FROM City;',0.002351,10,67,'2015-10-09 18:43:31'),(2,'SELECT * FROM City;',0.002697,10,67,'2015-10-09 18:52:19'),(3,'SELECT * FROM City;',0.002666,10,67,'2015-10-09 18:54:29'),(4,'SELECT * FROM City;',0.002746,10,67,'2015-10-09 18:59:23'),(5,'SELECT * FROM City;',0.004389,10,67,'2015-10-09 19:01:04'),(6,'SELECT * FROM Country inner join CountryLanguage on Country.Code = CountryLanguage.CountryCode;',0.003099,10,67,'2015-10-09 19:02:48'),(7,'SELECT * FROM City;',0.003705,10,67,'2015-10-09 19:03:17'),(8,'SELECT ID, Name, CountryCode, District, Population FROM City;',0.003676,10,67,'2015-10-09 19:04:25'),(9,'SELECT * FROM City;',0.002608,10,67,'2015-10-09 19:08:38'),(10,'SELECT * FROM City;',0.002693,10,67,'2015-10-09 19:10:25'),(11,'SELECT ID, Name, CountryCode, District, Population FROM City;',0.003416,10,67,'2015-10-09 19:12:01'),(12,'SELECT ID, Name, CountryCode, District, Population FROM City;',0.002084,1,67,'2015-10-09 19:13:21'),(13,' select * from City',0.002857,1,46,'2015-10-09 19:14:04'),(14,'SELECT * FROM City;',0.001544,1,46,'2015-10-09 19:15:10'),(15,'SELECT * FROM City;',0.003795,1,46,'2015-10-09 19:16:29'),(16,'select ID, Name, CountryCode, District, Population from City; ',0.005049,1,46,'2015-10-09 19:17:16'),(17,'SELECT * FROM City;',0.030319,1,46,'2015-10-09 19:50:31'),(18,'SELECT * FROM City;',0.001539,1,46,'2015-10-09 19:56:00'),(19,'SELECT * FROM City;',0.002,1,46,'2015-10-09 20:04:43'),(20,'SELECT * FROM City;',0.001957,1,46,'2015-10-09 20:06:20'),(21,'SELECT * FROM City;',0.001748,1,46,'2015-10-09 20:08:02'),(22,'SELECT * FROM City;',0.001869,1,46,'2015-10-09 20:09:37'),(23,'SELECT * FROM City;',0.002604,1,46,'2015-10-09 20:12:34'),(24,'SELECT * FROM City;',0.00275,1,46,'2015-10-09 20:15:22'),(25,'SELECT * FROM City;',0.003532,1,46,'2015-10-09 20:19:09'),(26,'select ID, Name, CountryCode, District, Population from City;',0.002877,1,46,'2015-10-09 20:20:47'),(27,'select ID, Name, CountryCode, District, Population from City;',0.002654,1,46,'2015-10-09 20:23:05'),(28,'select ID, Name, CountryCode, District, Population from City;',0.003632,1,46,'2015-10-09 20:24:19'),(29,'select ID, Name, CountryCode, District, Population from City;',0.003132,1,46,'2015-10-09 20:25:39'),(30,'SELECT * FROM City;',0.050604,1,46,'2015-10-16 11:11:08'),(31,'SELECT * FROM City;',0.033037,1,46,'2015-10-17 16:50:43'),(32,'SELECT * FROM City;',0.062068,1,46,'2015-10-20 08:38:50'),(33,'SELECT * FROM City;',0.002621,1,46,'2015-10-20 08:45:28'),(34,'SELECT * FROM City;',0.001854,1,46,'2015-10-20 08:55:35'),(35,'SELECT * FROM City;',0.001944,1,46,'2015-10-20 08:57:10'),(36,'SELECT * FROM City;',0.002931,1,46,'2015-10-20 09:03:35'),(37,'SELECT * FROM City;',0.00328,1,46,'2015-10-20 09:05:48'),(38,'select ID, Name, CountryCode, District, Population from City;',0.002409,1,46,'2015-10-20 09:13:25'),(39,'select ID, Name, CountryCode, District, Population from City;',0.002154,1,46,'2015-10-20 09:15:05'),(40,'SELECT * FROM City;',0.002609,1,46,'2015-10-20 09:18:45'),(41,'SELECT * FROM City;',0.002628,1,46,'2015-10-20 09:18:45'),(42,'select ID, Name, CountryCode, District, Population from City;',0.002629,1,46,'2015-10-20 09:18:57'),(43,'SELECT ID, Name, CountryCode, District, Population FROM City where Id = 3;',0.033274,1,46,'2015-10-20 09:22:39'),(44,'SELECT * FROM City where Id = 3;\r\n',0.000119,1,46,'2015-10-20 09:23:13'),(45,'SELECT * FROM City;',0.002158,1,46,'2015-10-20 09:24:13'),(46,'SELECT * FROM City;',0.001995,1,46,'2015-10-20 09:25:32'),(47,'SELECT * FROM City;',0.002998,1,46,'2015-10-20 09:25:56'),(48,'SELECT * FROM City where id = 3;',0.000181,1,46,'2015-10-20 09:26:18'),(49,'SELECT * FROM City where id = 3;',0.000137,1,46,'2015-10-20 09:26:49'),(50,'SELECT * FROM City where id = 3;',0.000173,1,46,'2015-10-20 09:33:45'),(51,'SELECT * FROM City where id = 3;',0.000139,1,46,'2015-10-20 09:34:43'),(52,'SELECT * FROM City where id = 3;',0.000331,1,46,'2015-10-20 09:37:18'),(53,'SELECT * FROM City where id = 3;',0.000204,1,46,'2015-10-20 09:38:06'),(54,'SELECT * FROM City where Id = 3;	',0.000163,1,46,'2015-10-20 09:43:54'),(55,'SELECT * FROM City where Id = 3;	',0.00031,1,46,'2015-10-20 09:44:19'),(56,'SELECT * FROM City where Id = 3;	',0.000134,1,46,'2015-10-20 09:44:30'),(57,'SELECT * FROM City where Id = 3;	',0.000337,1,46,'2015-10-20 09:44:36'),(58,'SELECT * FROM City where Id = 3;	',0.000126,1,46,'2015-10-20 09:44:41'),(59,'SELECT  * fROM City INNER join CountryLanguage on City.CountryCode = CountryLanguage.CountryCode;',0.059741,1,46,'2015-10-20 09:45:51'),(60,'SELECT  * fROM City INNER join CountryLanguage on City.CountryCode = CountryLanguage.CountryCode;',0.073761,1,46,'2015-10-20 09:47:02'),(61,'SELECT * fROM City INNER join CountryLanguage on City.CountryCode = CountryLanguage.CountryCode;	',0.091137,1,46,'2015-10-20 09:48:59'),(62,'SELECT * fROM City INNER join CountryLanguage on City.CountryCode = CountryLanguage.CountryCode;	',0.084771,1,46,'2015-10-20 09:54:46'),(63,'SELECT * fROM City INNER join CountryLanguage on City.CountryCode = CountryLanguage.CountryCode;	',0.092889,1,46,'2015-10-20 09:56:50'),(64,'SELECT * fROM City INNER join CountryLanguage on City.CountryCode = CountryLanguage.CountryCode;	',0.06488,1,46,'2015-10-20 09:57:25'),(65,'SELECT * fROM City INNER join CountryLanguage on City.CountryCode = CountryLanguage.CountryCode;	',0.074327,1,46,'2015-10-20 10:01:08'),(66,'SELECT  * fROM City INNER join CountryLanguage on City.CountryCode = CountryLanguage.CountryCode\r\ninner join Country on City.countrycode = code',0.135959,1,46,'2015-10-20 10:05:12'),(67,'SELECT  * fROM City INNER join CountryLanguage on City.CountryCode = CountryLanguage.CountryCode\r\ninner join Country on City.countrycode = code',0.205153,1,46,'2015-10-20 10:09:27'),(68,'SELECT  * fROM City INNER join CountryLanguage on City.CountryCode = CountryLanguage.CountryCode\r\ninner join Country on City.countrycode = code',0.116471,1,46,'2015-10-20 10:17:47'),(69,'SELECT * FROM City;',0.004511,1,46,'2015-10-20 10:20:19'),(70,'SELECT * FROM City;',0.003733,1,46,'2015-10-20 10:20:37'),(71,'SELECT * FROM City;',0.032617,1,46,'2015-10-20 10:55:32'),(72,'SELECT * FROM City;',0.00265,1,46,'2015-10-20 10:57:20'),(73,'SELECT * FROM City;',0.003126,1,46,'2015-10-20 10:57:54'),(74,'select ID, Name, CountryCode, District, Population from City;	',0.003178,1,46,'2015-10-20 10:58:25'),(75,'SELECT ID, Name, CountryCode, District, Population FROM City where Id = 3;	',0.000164,1,46,'2015-10-20 10:58:45'),(76,'SELECT * FROM City where Id = 3;	',0.000136,1,46,'2015-10-20 10:58:55'),(77,'SELECT * FROM City where Id = 3;	',0.00034,1,46,'2015-10-20 10:59:04'),(78,'SELECT * FROM City where Id = 3;	',0.000138,1,46,'2015-10-20 10:59:07'),(79,'SELECT * FROM City where Id = 3;	',0.000275,1,46,'2015-10-20 10:59:10'),(80,'SELECT * FROM City where Id = 3;	',0.000137,1,46,'2015-10-20 11:00:01'),(81,'SELECT * FROM City',0.002685,1,46,'2015-10-20 11:00:10'),(82,'SELECT ID, Name, CountryCode, District, Population FROM City where Id = 3;	',0.000175,1,46,'2015-10-20 11:00:21'),(83,'select ID, Name, CountryCode, District, Population from City;	',0.00374,1,46,'2015-10-20 11:00:30'),(84,'select * from City',0.001527,1,46,'2015-10-20 11:00:48'),(85,'SELECT * fROM City INNER join CountryLanguage on City.CountryCode = CountryLanguage.CountryCode;	',0.107022,1,46,'2015-10-20 11:01:10'),(86,'SELECT * fROM City INNER join CountryLanguage on City.CountryCode = CountryLanguage.CountryCode inner join Country on City.countrycode = code',0.156362,1,46,'2015-10-20 11:02:07'),(87,'SELECT  * fROM City INNER join CountryLanguage on City.CountryCode = CountryLanguage.CountryCode\r\ninner join Country on City.countrycode = code where id = 3',0.000249,1,46,'2015-10-20 11:03:17'),(88,'SELECT * from City\r\nGROUP BY CountryCode order by name;',0.002037,1,46,'2015-10-20 11:05:09'),(89,'select ID, Name, CountryCode, District, Population from City;	',0.002949,1,46,'2015-10-20 11:07:41'),(90,'SELECT * FROM City;',0.001817,1,46,'2015-10-20 11:07:49'),(91,'SELECT * FROM City;',0.002422,1,46,'2015-10-20 11:07:52'),(92,'SELECT * FROM City;',0.002797,1,46,'2015-10-20 11:07:56'),(93,'SELECT * FROM City;',0.003107,1,46,'2015-10-20 11:08:05'),(94,'SELECT ID, Name, CountryCode, District, Population FROM City where Id = 3;	',0.000176,1,46,'2015-10-20 11:08:16'),(95,'SELECT * FROM City where Id = 3;	',0.000135,1,46,'2015-10-20 11:08:23'),(96,'SELECT * FROM City where Id = 3;	',0.000192,1,46,'2015-10-20 11:08:26'),(97,'SELECT * FROM City where Id = 3;	',0.000134,1,46,'2015-10-20 11:08:31'),(98,'SELECT * FROM City where Id = 3;	',0.00015,1,46,'2015-10-20 11:08:37'),(99,'SELECT * FROM City where Id = 3;	',0.000191,1,46,'2015-10-20 11:08:41'),(100,'SELECT * FROM City where Id = 3;	',0.000172,1,46,'2015-10-20 11:08:45'),(101,'SELECT * FROM City where Id = 3;	',0.000111,1,46,'2015-10-20 11:08:54'),(102,'SELECT * fROM City INNER join CountryLanguage on City.CountryCode = CountryLanguage.CountryCode inner join Country on City.countrycode = code ',0.117323,1,46,'2015-10-20 11:09:11'),(103,'SELECT * fROM City INNER join CountryLanguage on City.CountryCode = CountryLanguage.CountryCode;	',0.067478,1,46,'2015-10-20 11:09:55'),(104,'SELECT * fROM City INNER join CountryLanguage on City.CountryCode = CountryLanguage.CountryCode;	',0.069409,1,46,'2015-10-20 11:10:42'),(105,'SELECT * from City\r\nGROUP BY CountryCode order by name',0.001778,1,46,'2015-10-20 11:11:08'),(106,'SELECT * from City\r\nGROUP BY CountryCode having population > 10000',0.00162,1,46,'2015-10-20 11:11:59'),(107,'SELECT * from City\r\nGROUP BY CountryCode having population > 10000',0.001793,1,46,'2015-10-20 11:13:01'),(108,'SELECT * fROM City INNER join CountryLanguage on City.CountryCode = CountryLanguage.CountryCode;',0.1058,1,46,'2015-10-20 17:52:23'),(109,'SELECT * fROM City INNER join CountryLanguage on City.CountryCode = CountryLanguage.CountryCode;',0.088034,1,46,'2015-10-20 17:53:36'),(110,'SELECT CountryCode from City\r\nGROUP BY CountryCode order by Countrycode',0.001259,1,46,'2015-10-20 18:11:44'),(111,'SELECT DISTINCT CountryCode FROM City order by Countrycode',0.001259,1,46,'2015-10-20 18:12:02'),(112,'SELECT CountryCode from City GROUP BY CountryCode order by Countrycode',0.001446,1,46,'2015-10-20 18:12:34'),(113,'SELECT DISTINCT CountryCode FROM City order by Countrycode',0.001326,1,46,'2015-10-20 18:12:47'),(114,'SELECT DISTINCT CountryCode FROM City order by Countrycode',0.001691,1,46,'2015-10-20 18:13:01'),(115,'SELECT DISTINCT CountryCode FROM City order by Countrycode',0.001579,1,46,'2015-10-20 18:13:19'),(116,'SELECT DISTINCT CountryCode FROM City order by Countrycode',0.00178,1,46,'2015-10-20 18:13:45'),(117,'SELECT DISTINCT CountryCode FROM City order by Countrycode',0.003191,1,46,'2015-10-20 18:24:54'),(118,'SELECT DISTINCT CountryCode FROM City order by Countrycode',0.002181,1,46,'2015-10-20 18:25:19'),(119,'SELECT DISTINCT CountryCode FROM City order by Countrycode',0.001455,1,46,'2015-10-20 18:27:35'),(120,'SELECT DISTINCT CountryCode FROM City order by Countrycode',0.001624,1,46,'2015-10-20 18:33:14'),(121,'SELECT DISTINCT CountryCode FROM City order by Countrycode',0.001546,1,46,'2015-10-20 18:34:47'),(122,'SELECT DISTINCT CountryCode FROM City order by Countrycode',0.001467,1,46,'2015-10-20 18:35:28'),(123,'SELECT DISTINCT CountryCode FROM City order by Countrycode',0.001745,1,46,'2015-10-20 18:35:56'),(124,'SELECT DISTINCT CountryCode FROM City order by Countrycode',0.001759,1,46,'2015-10-20 18:37:05'),(125,'SELECT DISTINCT CountryCode FROM City order by Countrycode',0.00302,1,46,'2015-10-20 18:37:46'),(126,'SELECT DISTINCT CountryCode FROM City order by Countrycode',0.002798,1,46,'2015-10-20 18:39:19'),(127,'select Name,CountryCode,District from City;',0.001724,1,46,'2015-10-20 18:51:52'),(128,'select Name,CountryCode,District from City;',0.002197,1,46,'2015-10-20 18:52:22'),(129,'select Name,CountryCode,District from City;',0.002043,1,46,'2015-10-20 18:53:06'),(130,'select Name,CountryCode,District from City;',0.001681,1,46,'2015-10-20 18:53:18'),(131,'select Name,CountryCode,District from City;',0.0015,1,46,'2015-10-20 18:53:55'),(132,'SELECT DISTINCT CountryCode FROM City order by Countrycode	',0.002192,1,46,'2015-10-20 18:55:01'),(133,'SELECT DISTINCT CountryCode FROM City order by Countrycode	',0.001242,1,46,'2015-10-20 18:55:22'),(134,'SELECT DISTINCT CountryCode FROM City order by Countrycode	',0.001273,1,46,'2015-10-20 18:57:33'),(135,'SELECT DISTINCT CountryCode FROM City order by Countrycode	',0.001717,1,46,'2015-10-20 18:58:03'),(136,'SELECT DISTINCT CountryCode FROM City order by Countrycode	',0.00125,1,46,'2015-10-20 18:58:46'),(137,'SELECT DISTINCT CountryCode FROM City order by Countrycode	',0.001209,1,46,'2015-10-20 18:59:31'),(138,'SELECT DISTINCT CountryCode FROM City order by Countrycode	',0.001253,1,46,'2015-10-20 18:59:45'),(139,'SELECT DISTINCT CountryCode FROM City order by Countrycode	',0.001188,1,46,'2015-10-20 19:00:04'),(140,'SELECT DISTINCT CountryCode FROM City order by Countrycode	',0.001505,1,46,'2015-10-20 19:01:22'),(141,'select Name,CountryCode,District from City;',0.001883,1,46,'2015-10-20 19:01:38'),(142,'select Name,CountryCode,District from City;',0.002413,1,46,'2015-10-20 19:02:04'),(143,'select Name,CountryCode,District from City;',0.001721,1,46,'2015-10-20 19:04:30'),(144,'select Name,CountryCode,District from City;',0.001781,1,46,'2015-10-20 19:06:32'),(145,'select Name,CountryCode,District from City;',0.001693,1,46,'2015-10-20 19:06:57'),(146,'select Name,CountryCode,District from City;',0.00171,1,46,'2015-10-20 19:09:33'),(147,'SELECT DISTINCT CountryCode FROM City order by Countrycode	',0.001513,1,46,'2015-10-20 19:10:15'),(148,'SELECT DISTINCT CountryCode FROM City order by Countrycode	',0.00143,1,46,'2015-10-20 19:11:49'),(149,'SELECT DISTINCT CountryCode FROM City order by Countrycode	',0.003798,1,46,'2015-10-20 19:12:40'),(150,'SELECT DISTINCT CountryCode FROM City order by Countrycode	',0.001361,1,46,'2015-10-20 19:13:14'),(151,'SELECT DISTINCT CountryCode FROM City order by Countrycode	',0.002064,1,46,'2015-10-20 19:14:17'),(152,'SELECT DISTINCT CountryCode FROM City order by Countrycode	',0.001329,1,46,'2015-10-20 19:17:32'),(153,'SELECT DISTINCT CountryCode FROM City order by Countrycode	',0.002074,1,46,'2015-10-20 19:20:23'),(154,'SELECT DISTINCT CountryCode FROM City order by Countrycode	',0.001947,1,46,'2015-10-20 19:22:15'),(155,'SELECT DISTINCT CountryCode FROM City order by Countrycode	',0.001598,1,46,'2015-10-20 19:23:19'),(156,'SELECT DISTINCT CountryCode FROM City order by Countrycode	',0.001369,1,46,'2015-10-20 19:24:35'),(157,'SELECT DISTINCT CountryCode FROM City order by Countrycode	',0.002934,1,46,'2015-10-20 19:25:01'),(158,'SELECT DISTINCT CountryCode FROM City order by Countrycode	',0.001332,1,46,'2015-10-20 19:26:07'),(159,'SELECT DISTINCT CountryCode FROM City order by Countrycode	',0.001959,1,46,'2015-10-20 19:26:20'),(160,'SELECT DISTINCT CountryCode FROM City order by Countrycode	',0.001344,1,46,'2015-10-20 19:26:55'),(161,'SELECT DISTINCT CountryCode FROM City order by Countrycode	',0.002946,1,46,'2015-10-20 19:26:59'),(162,'SELECT DISTINCT CountryCode FROM City order by Countrycode	',0.001263,1,46,'2015-10-20 19:27:03'),(163,'SELECT DISTINCT CountryCode FROM City order by Countrycode	',0.00171,1,46,'2015-10-20 19:29:21'),(164,'SELECT DISTINCT CountryCode FROM City order by Countrycode	',0.003225,1,46,'2015-10-20 19:29:53'),(165,'SELECT DISTINCT CountryCode FROM City order by Countrycode	',0.002097,1,46,'2015-10-20 19:30:56'),(166,'SELECT DISTINCT CountryCode FROM City order by Countrycode	',0.002446,1,46,'2015-10-20 19:31:38'),(167,'SELECT DISTINCT CountryCode FROM City order by Countrycode	',0.002244,1,46,'2015-10-20 19:32:45'),(168,'SELECT DISTINCT CountryCode FROM City order by Countrycode',0.001631,1,46,'2015-10-20 19:33:09'),(169,'SELECT DISTINCT CountryCode FROM City order by Countrycode	',0.045462,1,46,'2015-10-20 19:40:05'),(170,'SELECT DISTINCT CountryCode FROM City order by Countrycode	',0.001274,1,46,'2015-10-20 19:42:00'),(171,'select countrycode from City group by countrycode',0.001329,1,46,'2015-10-20 19:45:04'),(172,'SELECT DISTINCT CountryCode FROM City order by Countrycode',0.001729,1,46,'2015-10-20 19:45:19'),(173,'SELECT DISTINCT CountryCode FROM City order by Countrycode',0.001601,1,46,'2015-10-20 19:46:32'),(174,'SELECT DISTINCT CountryCode FROM City order by Countrycode',0.001748,1,46,'2015-10-20 19:46:42'),(175,'SELECT DISTINCT CountryCode FROM City order by Countrycode',0.001331,1,46,'2015-10-20 19:46:47'),(176,'SELECT DISTINCT CountryCode FROM City order by Countrycode',0.002164,1,46,'2015-10-20 19:46:51'),(177,'SELECT DISTINCT CountryCode FROM City order by Countrycode',0.00199,1,46,'2015-10-20 19:46:58'),(178,'SELECT DISTINCT CountryCode FROM City order by Countrycode',0.001881,1,46,'2015-10-20 19:47:02'),(179,'SELECT DISTINCT CountryCode FROM City order by Countrycode',0.001243,1,46,'2015-10-20 19:47:06'),(180,'SELECT * FROM City;',0.002779,1,46,'2015-10-20 19:48:24'),(181,'SELECT * FROM City where id = 5;',0.00013,1,46,'2015-10-20 19:48:44'),(182,'SELECT * FROM City where id = 5;',0.000136,1,46,'2015-10-20 19:48:48'),(183,'SELECT * FROM City where id = 5;',0.000188,1,46,'2015-10-20 19:48:52'),(184,'SELECT * FROM City where id = 5;',0.00018,1,46,'2015-10-20 19:48:55'),(185,'SELECT * FROM City where id = 5;',0.000323,1,46,'2015-10-20 19:48:59'),(186,'SELECT * FROM City where id = 5;',0.00032,1,46,'2015-10-20 19:49:02'),(187,'select ID, Name, CountryCode, District, Population from City where name like \"%a%\"',0.002424,1,46,'2015-10-20 19:50:49'),(188,'select * from City where name like \"%a%\"',0.00257,1,46,'2015-10-20 19:51:02'),(189,'select * from City where name like \"%a%\"',0.002282,1,46,'2015-10-20 19:56:11'),(190,'SELECT DISTINCT CountryCode FROM City order by Countrycode',0.00183,1,46,'2015-10-20 19:56:36'),(191,'SELECT DISTINCT CountryCode FROM City order by Countrycode',0.017067,1,46,'2015-10-20 20:05:28'),(192,'SHOW TABLES; ',0.014914,1,48,'2015-10-20 20:05:34'),(193,'SHOW TABLES; ',0.000228,1,48,'2015-10-20 20:06:43'),(194,'SHOW TABLES; ',0.000294,1,48,'2015-10-20 20:07:18'),(195,'SHOW TABLES; ',0.000229,1,48,'2015-10-20 20:08:28'),(196,'SHOW TABLES; ',0.000261,1,48,'2015-10-20 20:10:01'),(197,'SHOW TABLES; ',0.000191,1,48,'2015-10-20 20:10:54'),(198,'SHOW TABLES; ',0.00023,1,48,'2015-10-20 20:11:44'),(199,'SHOW TABLES; ',0.000534,1,48,'2015-10-20 20:11:57'),(200,'SHOW TABLES; ',0.000277,1,48,'2015-10-20 20:13:48'),(201,'SHOW TABLES; ',0.000282,1,48,'2015-10-20 20:13:58'),(202,'SHOW TABLES; ',0.000416,1,48,'2015-10-20 20:14:38'),(203,'SHOW TABLES; ',0.00019,1,48,'2015-10-20 20:14:51'),(204,'SHOW TABLES; ',0.000218,1,48,'2015-10-20 20:15:47'),(205,'SELECT * FROM aluleg;',0.131111,1,48,'2015-10-20 20:15:57'),(206,'SELECT * FROM aluleg;',0.001447,1,48,'2015-10-20 20:16:05'),(207,'SELECT * FROM aluleg;',0.00063,1,48,'2015-10-20 20:16:09'),(208,'SELECT * FROM aluleg;',0.001198,1,48,'2015-10-20 20:16:12'),(209,'SELECT * FROM aluleg;',0.000754,1,48,'2015-10-20 20:16:15'),(210,'SELECT * FROM aluleg;',0.000925,1,48,'2015-10-20 20:16:18'),(211,'SELECT * FROM aluleg;',0.000709,1,48,'2015-10-20 20:16:21'),(212,'SELECT * FROM aluleg;',0.001435,1,48,'2015-10-20 20:16:24'),(213,'SELECT * FROM aluleg;',0.000706,1,48,'2015-10-20 20:17:12'),(214,'SELECT * FROM aluleg;',0.000977,1,48,'2015-10-20 20:19:08'),(215,'SELECT * FROM aluleg;',0.00071,1,48,'2015-10-20 20:19:35'),(216,'SELECT * FROM aluleg;',0.000599,1,48,'2015-10-20 20:19:49'),(217,'SELECT * FROM aluleg;',0.00071,1,48,'2015-10-20 20:20:51'),(218,'SELECT * FROM aluleg;',0.000724,1,48,'2015-10-20 20:22:01'),(219,'SELECT * FROM aluleg;',0.000775,1,48,'2015-10-20 20:22:14'),(220,'SELECT * FROM aluleg;',0.000809,1,48,'2015-10-20 20:22:24'),(221,'SELECT * FROM aluleg;',0.001119,1,48,'2015-10-20 20:22:29'),(222,'SELECT * FROM aluleg;',0.00078,1,48,'2015-10-20 20:23:38'),(223,'SELECT * FROM aluleg;',0.000828,1,48,'2015-10-20 20:24:18'),(224,'SELECT * FROM aluleg;',0.00069,1,48,'2015-10-20 20:24:36'),(225,'SELECT * FROM aluleg;',0.000966,1,48,'2015-10-20 20:25:01'),(226,'SELECT * FROM aluleg;',0.000689,1,48,'2015-10-20 20:25:25'),(227,'SELECT * FROM aluleg;',0.000725,1,48,'2015-10-20 20:25:52'),(228,'SELECT * FROM aluleg;	',0.000696,1,48,'2015-10-20 20:26:40'),(229,'SELECT * FROM aluleg;	',0.001373,1,48,'2015-10-20 20:27:19'),(230,'SELECT * FROM aluleg;',0.000722,1,48,'2015-10-20 20:33:45'),(231,'SELECT * FROM aluleg;',0.000931,1,48,'2015-10-20 20:34:15'),(232,'SELECT * FROM aluleg;\r\n',0.000714,1,48,'2015-10-20 20:34:39'),(233,'SELECT * FROM aluleg;',0.000729,1,48,'2015-10-20 20:35:26'),(234,'SELECT * FROM aluleg;\r\n',0.000664,1,48,'2015-10-20 20:35:41'),(235,'Consulta: SELECT * FROM aluleg;\r\n',NULL,1,48,'2015-10-20 20:35:59'),(236,'Consulta: SELECT * FROM aluleg;\r\n',NULL,1,48,'2015-10-20 20:36:14'),(237,'Consulta: SELECT * FROM aluleg;\r\n',NULL,1,48,'2015-10-20 20:36:25'),(238,'SELECT * FROM aluleg;',0.001107,1,48,'2015-10-20 20:36:55'),(239,'SELECT * FROM aluleg;',0.000873,1,48,'2015-10-20 20:37:42'),(240,'SELECT * FROM aluleg;',0.001658,1,48,'2015-10-20 20:37:57'),(241,'SELECT * FROM persona;',0.085221,1,48,'2015-10-20 20:38:35'),(242,'SELECT * FROM persona;',0.000456,1,48,'2015-10-20 20:38:46'),(243,'SELECT * fROM City where CountryCode = (select Country.Code from Country where Code = \"ABW\")',0.00083,1,46,'2015-10-21 00:15:13'),(244,'SELECT  City.ID, City.Name, City.CountryCode, City.District, City.Population fROM City where City.CountryCode in \r\n(select Country.Code from Country where Country.Code  = \"ABW\")',0.000272,1,46,'2015-10-21 00:50:07'),(245,'SELECT * FROM persona;	',0.000454,1,48,'2015-10-21 00:50:29'),(246,'SELECT City.ID, City.Name, City.CountryCode, City.District, City.Population fROM City where City.CountryCode in (select Country.Code from Country where Country.Code = \"ABW\")	',0.000232,1,46,'2015-10-21 00:50:44'),(247,'SELECT City.ID, City.Name, City.CountryCode, City.District, City.Population fROM City where City.CountryCode in (select Country.Code from Country where Country.Code = \"ABW\")	',0.000166,1,46,'2015-10-21 00:52:54'),(248,'SELECT City.ID, City.Name, City.CountryCode, City.District, City.Population fROM City where City.CountryCode in (select Country.Code from Country where Country.Code = \"ABW\")	',0.000157,1,46,'2015-10-21 01:00:38'),(249,'SELECT City.ID, City.Name, City.CountryCode, City.District, City.Population fROM City where City.CountryCode in (select Country.Code from Country where Country.Code = \"ABW\")	',0.00027,1,46,'2015-10-21 01:06:08'),(250,'SELECT City.ID, City.Name, City.CountryCode, City.District, City.Population fROM City where City.CountryCode in (select Country.Code from Country where Country.Code = \"ABW\")	',0.000163,1,46,'2015-10-21 01:15:06'),(251,'SELECT City.ID, City.Name, City.CountryCode, City.District, City.Population fROM City where City.CountryCode in (select Country.Code from Country where Country.Code = \"ABW\")	',0.000227,1,46,'2015-10-21 01:15:53'),(252,'SELECT City.ID, City.Name, City.CountryCode, City.District, City.Population fROM City where City.CountryCode in (select Country.Code from Country where Country.Code = \"ABW\")	',0.000263,1,46,'2015-10-21 01:18:08'),(253,'SELECT City.ID, City.Name, City.CountryCode, City.District, City.Population fROM City where City.CountryCode in (select Country.Code from Country where Country.Code = \"ABW\")	',0.000176,1,46,'2015-10-21 01:19:31'),(254,'SELECT City.ID, City.Name, City.CountryCode, City.District, City.Population fROM City where City.CountryCode in (select Country.Code from Country where Country.Code = \"ABW\")	',0.000176,1,46,'2015-10-21 01:22:23'),(255,'SELECT City.ID, City.Name, City.CountryCode, City.District, City.Population fROM City where City.CountryCode in (select Country.Code from Country where Country.Code = \"ABW\")	',0.000169,1,46,'2015-10-21 01:22:47'),(256,'SELECT City.ID, City.Name, City.CountryCode, City.District, City.Population fROM City where City.CountryCode in (select Country.Code from Country where Country.Code = \"ABW\")	',0.000173,1,46,'2015-10-21 01:27:59'),(257,'SELECT City.ID, City.Name, City.CountryCode, City.District, City.Population fROM City where City.CountryCode in (select Country.Code from Country where Country.Code = \"ABW\")	',0.00019,1,46,'2015-10-21 01:29:15'),(258,'SELECT City.ID, City.Name, City.CountryCode, City.District, City.Population fROM City where City.CountryCode in (select Country.Code from Country where Country.Code = \"ABW\")	',0.00023,1,46,'2015-10-21 01:29:31'),(259,'SELECT City.ID, City.Name, City.CountryCode, City.District, City.Population fROM City where City.CountryCode in (select Country.Code from Country where Country.Code = \"ABW\")	',0.000161,1,46,'2015-10-21 01:33:02'),(260,'SELECT City.ID, City.Name, City.CountryCode, City.District, City.Population fROM City where City.CountryCode in (select Country.Code from Country where Country.Code = \"ABW\")	',0.0002,1,46,'2015-10-21 01:35:02'),(261,'SELECT City.ID, City.Name, City.CountryCode, City.District, City.Population fROM City where City.CountryCode in (select Country.Code from Country where Country.Code = \"ABW\")	',0.000263,1,46,'2015-10-21 01:36:57'),(262,'SELECT City.ID, City.Name, City.CountryCode, City.District, City.Population fROM City where City.CountryCode in (select Country.Code from Country where Country.Code = \"ABW\")	',0.000157,1,46,'2015-10-21 01:37:24'),(263,'SELECT City.ID, City.Name, City.CountryCode, City.District, City.Population fROM City where City.CountryCode in (select Country.Code from Country where Country.Code = \"ABW\")	',0.000268,1,46,'2015-10-21 01:38:43'),(264,'SELECT City.ID, City.Name, City.CountryCode, City.District, City.Population fROM City where City.CountryCode in (select Country.Code from Country where Country.Code = \"ABW\")	',0.000266,1,46,'2015-10-21 01:39:37'),(265,'SELECT City.ID, City.Name, City.CountryCode, City.District, City.Population fROM City where City.CountryCode in (select Country.Code from Country where Country.Code = \"ABW\")	',0.00018,1,46,'2015-10-21 01:41:03'),(266,'SELECT City.ID, City.Name, City.CountryCode, City.District, City.Population fROM City where City.CountryCode in (select Country.Code from Country where Country.Code = \"ABW\")	',0.00018,1,46,'2015-10-21 01:46:05'),(267,'SELECT City.ID, City.Name, City.CountryCode, City.District, City.Population fROM City where City.CountryCode in (select Country.Code from Country where Country.Code = \"ABW\")	',0.000168,1,46,'2015-10-21 01:50:18'),(268,'SELECT City.ID, City.Name, City.CountryCode, City.District, City.Population fROM City where City.CountryCode in (select Country.Code from Country where Country.Code = \"ABW\")	',0.000181,1,46,'2015-10-21 01:50:40'),(269,'SELECT City.ID, City.Name, City.CountryCode, City.District, City.Population fROM City where City.CountryCode in (select Country.Code from Country where Country.Code = \"ABW\")	',0.000247,1,46,'2015-10-21 01:51:44'),(270,'SELECT City.ID, City.Name, City.CountryCode, City.District, City.Population fROM City where City.CountryCode in (select Country.Code from Country where Country.Code = \"ABW\")	',0.000183,1,46,'2015-10-21 01:51:56'),(271,'SELECT City.ID, City.Name, City.CountryCode, City.District, City.Population fROM City where City.CountryCode in (select Country.Code from Country where Country.Code = \"ABW\")	',0.000183,1,46,'2015-10-21 01:52:15'),(272,'SELECT City.ID, City.Name, City.CountryCode, City.District, City.Population fROM City where City.CountryCode in (select Country.Code from Country where Country.Code = \"ABW\")	',0.000252,1,46,'2015-10-21 01:53:20'),(273,'SELECT City.ID, City.Name, City.CountryCode, City.District, City.Population fROM City where City.CountryCode in (select Country.Code from Country where Country.Code = \"ABW\")	',0.000267,1,46,'2015-10-21 01:53:53'),(274,'SELECT City.ID, City.Name, City.CountryCode, City.District, City.Population fROM City where City.CountryCode in (select Country.Code from Country where Country.Code = \"ABW\")	',0.000267,1,46,'2015-10-21 01:54:18'),(275,'SELECT City.ID, City.Name, City.CountryCode, City.District, City.Population fROM City where City.CountryCode in (select Country.Code from Country where Country.Code = \"ABW\")	',0.000336,1,46,'2015-10-21 01:54:55'),(276,'SELECT City.ID, City.Name, City.CountryCode, City.District, City.Population fROM City where City.CountryCode in (select Country.Code from Country where Country.Code = \"ABW\")	',0.000197,1,46,'2015-10-21 01:58:18'),(277,'SELECT City.ID, City.Name, City.CountryCode, City.District, City.Population fROM City where City.CountryCode in (select Country.Code from Country where Country.Code = \"ABW\")	',0.000163,1,46,'2015-10-21 02:00:30'),(278,'SELECT City.ID, City.Name, City.CountryCode, City.District, City.Population fROM City where City.CountryCode in (select Country.Code from Country where Country.Code = \"ABW\")	',0.000227,1,46,'2015-10-21 02:00:59'),(279,'SELECT City.ID, City.Name, City.CountryCode, City.District, City.Population fROM City where City.CountryCode in (select Country.Code from Country where Country.Code = \"ABW\")	',0.000175,1,46,'2015-10-21 02:02:08'),(280,'SELECT City.ID, City.Name, City.CountryCode, City.District, City.Population fROM City where City.CountryCode in (select Country.Code from Country where Country.Code = \"ABW\")	',0.000225,1,46,'2015-10-21 02:03:38'),(281,'SELECT City.ID, City.Name, City.CountryCode, City.District, City.Population fROM City where City.CountryCode in (select Country.Code from Country where Country.Code = \"ABW\")	',0.0003,1,46,'2015-10-21 02:04:23'),(282,'SELECT City.ID, City.Name, City.CountryCode, City.District, City.Population fROM City where City.CountryCode in (select Country.Code from Country where Country.Code = \"ABW\")	',0.000206,1,46,'2015-10-21 02:04:34'),(283,'SELECT City.ID, City.Name, City.CountryCode, City.District, City.Population fROM City where City.CountryCode in (select Country.Code from Country where Country.Code = \"ABW\")	',0.000307,1,46,'2015-10-21 02:05:36'),(284,'SELECT City.ID, City.Name, City.CountryCode, City.District, City.Population fROM City where City.CountryCode in (select Country.Code from Country where Country.Code = \"ABW\")	',0.000149,1,46,'2015-10-21 02:09:31'),(285,'SELECT City.ID, City.Name, City.CountryCode, City.District, City.Population fROM City where City.CountryCode in (select Country.Code from Country where Country.Code = \"ABW\")	',0.000235,1,46,'2015-10-21 02:10:06'),(286,'SELECT City.ID, City.Name, City.CountryCode, City.District, City.Population fROM City where City.CountryCode in (select Country.Code from Country where Country.Code = \"ABW\")	',0.00018,1,46,'2015-10-21 02:10:26'),(287,'SELECT City.ID, City.Name, City.CountryCode, City.District, City.Population fROM City where City.CountryCode in (select Country.Code from Country where Country.Code = \"ABW\")	',0.000211,1,46,'2015-10-21 02:11:01'),(288,'SELECT City.ID, City.Name, City.CountryCode, City.District, City.Population fROM City where City.CountryCode in (select Country.Code from Country where Country.Code = \"ABW\")	',0.000188,1,46,'2015-10-21 02:11:56'),(289,'select City.ID, City.Name, City.CountryCode, City.District, City.Population from City \r\ninner join Country on Country.Code = City.CountryCode where CountryCode = \"ABW\"',0.011331,1,46,'2015-10-21 02:13:45'),(290,'SELECT * FROM city;',NULL,1,46,'2015-10-21 02:15:58'),(291,'select City.ID, City.Name, City.CountryCode, City.District, City.Population from City inner join Country on Country.Code = City.CountryCode where CountryCode = \"ABW\"',0.000466,1,46,'2015-10-21 02:16:15'),(292,'SELECT City.ID, City.Name, City.CountryCode, City.District, City.Population fROM City where City.CountryCode in (select Country.Code from Country where Country.Code = \"ABW\")',0.000424,1,46,'2015-10-21 02:16:36'),(293,'SELECT DISTINCT CountryCode FROM City order by Countrycode',0.004128,1,46,'2015-10-21 02:17:58'),(294,'SELECT DISTINCT CountryCode FROM City order by Countrycode',0.00289,1,46,'2015-10-21 02:18:35'),(295,'SELECT DISTINCT Sexo FROM persona order by Sexo',0.000306,1,48,'2015-10-21 02:20:23'),(296,'SELECT DISTINCT Sexo FROM persona order by Sexo',0.000571,1,48,'2015-10-21 02:21:00'),(297,'SELECT DISTINCT Ale_Lec_ID FROM aluleg order by Ale_Lec_ID',0.000464,1,48,'2015-10-21 02:23:06'),(298,'SELECT DISTINCT Ale_Lec_ID FROM aluleg order by Ale_Lec_ID',0.000452,1,48,'2015-10-21 02:23:47'),(299,'SELECT DISTINCT Ale_Lec_ID FROM aluleg;',0.000196,1,48,'2015-10-21 02:24:41'),(300,'SELECT DISTINCT Ale_Lec_ID FROM aluleg order by Ale_Lec_ID;',0.000307,1,48,'2015-10-21 02:25:04'),(301,'SELECT DISTINCT Ale_Lec_ID FROM aluleg order by Ale_Lec_ID;',0.000256,1,48,'2015-10-21 02:25:27'),(302,'SELECT DISTINCT Ale_Lec_ID FROM aluleg order by Ale_Lec_ID;',0.000196,1,48,'2015-10-21 02:25:37'),(303,'SELECT DISTINCT Ale_Lec_ID FROM aluleg order by Ale_Lec_ID;',0.00031,1,48,'2015-10-21 02:25:52'),(304,'SELECT DISTINCT Ale_Lec_ID FROM aluleg order by Ale_Lec_ID;',0.000195,1,48,'2015-10-21 02:25:58'),(305,'SELECT DISTINCT lectivoID FROM alumnos order by lectivoID;',0.000396,1,48,'2015-10-21 02:28:43'),(306,'SELECT DISTINCT lectivoID FROM alumnos order by lectivoID;',0.000211,1,48,'2015-10-21 02:29:32'),(307,'select * from alumnos inner join personas on alumnos.documentoID = personas.documentoID and alumnos.tipodocID = personas.tipodocID;',0.000798,1,48,'2015-10-21 02:31:53'),(308,'select * from alumnos inner join personas on alumnos.documentoID = personas.documentoID and alumnos.tipodocID = personas.tipodocID;',0.00131,1,48,'2015-10-21 02:32:41'),(309,'SELECT DISTINCT CountryCode FROM City order by Countrycode',0.056776,1,46,'2015-10-21 10:10:31'),(310,'SELECT DISTINCT CountryCode FROM City order by Countrycode',0.001275,1,46,'2015-10-21 10:10:57'),(311,'SELECT * FROM City;',0.002535,1,46,'2015-10-21 10:12:38'),(312,'SELECT * FROM City where id = 2;',0.031727,1,46,'2015-10-21 10:12:56'),(313,'SELECT ID, Name, CountryCode, District, Population FROM City;',0.002388,1,46,'2015-10-21 10:13:28'),(314,'select * from City;',0.002136,1,46,'2015-10-21 10:14:07'),(315,'select * from City',0.002829,1,46,'2015-10-21 10:14:13'),(316,' select ID, Name, CountryCode, District, Population  from City where id = 2;',0.00012,1,46,'2015-10-21 10:14:56'),(317,'select * from City inner join Country on City.CountryCode = Country.Code;',0.060378,1,46,'2015-10-21 10:16:29'),(318,'select countrycode from City group by countrycode',0.001731,1,46,'2015-10-21 10:16:59'),(319,'SELECT DISTINCT CountryCode FROM City order by Countrycode;',0.001252,1,46,'2015-10-21 10:17:12'),(320,'SELECT DISTINCT CountryCode FROM City order by Countrycode;',0.002478,1,46,'2015-10-21 10:20:29'),(321,'SELECT DISTINCT CountryCode FROM City order by Countrycode;',0.00257,1,46,'2015-10-21 10:20:49'),(322,'SELECT DISTINCT CountryCode FROM City order by Countrycode;',0.001241,1,46,'2015-10-21 10:21:26'),(323,'SELECT * FROM City;',0.093639,1,46,'2015-10-22 00:07:27'),(324,'SELECT * FROM City where Id = 2;',0.071008,1,46,'2015-10-22 00:07:55'),(325,'select ID, Name, CountryCode, District, Population from City',0.002188,1,46,'2015-10-22 00:08:21'),(326,'select ID, Name, CountryCode, District, Population from City',0.002351,1,46,'2015-10-22 00:08:29'),(327,'select ID, Name, CountryCode, District, Population from City where id = 5',0.000249,1,46,'2015-10-22 00:09:12'),(328,'select countrycode from City group by countrycode',0.001709,1,46,'2015-10-22 00:10:11'),(329,'SELECT DISTINCT CountryCode FROM City order by Countrycode;',0.001438,1,46,'2015-10-22 00:10:50'),(330,'SELECT DISTINCT CountryCode FROM City order by Countrycode;',0.002875,1,46,'2015-10-22 00:11:10'),(331,'SELECT DISTINCT CountryCode FROM City order by Countrycode;',0.001458,1,46,'2015-10-22 00:11:38'),(332,'SELECT DISTINCT CountryCode FROM City order by Countrycode;',0.001674,1,46,'2015-10-22 00:11:59'),(333,'SELECT DISTINCT CountryCode FROM City order by Countrycode;',0.001333,1,46,'2015-10-22 00:14:59');
/*!40000 ALTER TABLE `consultas` ENABLE KEYS */;
UNLOCK TABLES;

--
-- Table structure for table `items`
--

DROP TABLE IF EXISTS `items`;
/*!40101 SET @saved_cs_client     = @@character_set_client */;
/*!40101 SET character_set_client = utf8 */;
CREATE TABLE `items` (
  `id` int(11) NOT NULL AUTO_INCREMENT,
  `query` varchar(255) DEFAULT NULL,
  `created` datetime DEFAULT NULL,
  PRIMARY KEY (`id`)
) ENGINE=InnoDB AUTO_INCREMENT=6 DEFAULT CHARSET=latin1;
/*!40101 SET character_set_client = @saved_cs_client */;

--
-- Dumping data for table `items`
--

LOCK TABLES `items` WRITE;
/*!40000 ALTER TABLE `items` DISABLE KEYS */;
INSERT INTO `items` VALUES (1,'select * from %table%','2015-10-22 00:07:27'),(2,'select * from %table% where %conditions%','2015-10-22 00:07:55'),(3,'select %keyfields% from %table%','2015-10-22 00:08:21'),(4,'select %keyfields% from %table% where %conditions%','2015-10-22 00:09:12'),(5,'select %keyfields% from %table% group by %group%','2015-10-22 00:10:11');
/*!40000 ALTER TABLE `items` ENABLE KEYS */;
UNLOCK TABLES;

--
-- Table structure for table `rankings`
--

DROP TABLE IF EXISTS `rankings`;
/*!40101 SET @saved_cs_client     = @@character_set_client */;
/*!40101 SET character_set_client = utf8 */;
CREATE TABLE `rankings` (
  `user_id` int(11) NOT NULL,
  `item_id` int(11) NOT NULL,
  `time` double DEFAULT NULL,
  `ranking` float NOT NULL,
  `created` datetime DEFAULT NULL,
  PRIMARY KEY (`user_id`,`item_id`)
) ENGINE=InnoDB DEFAULT CHARSET=latin1;
/*!40101 SET character_set_client = @saved_cs_client */;

--
-- Dumping data for table `rankings`
--

LOCK TABLES `rankings` WRITE;
/*!40000 ALTER TABLE `rankings` DISABLE KEYS */;
INSERT INTO `rankings` VALUES (1,3,0.0018132222222222221,1,'2015-10-22 00:14:59'),(2,3,0.001607,1,'2015-10-22 00:14:59'),(2,5,0.001395,5,'2015-10-22 00:14:59'),(3,3,0.001291,5,'2015-10-22 00:14:59'),(3,5,0.002495,1,'2015-10-22 00:14:59'),(4,3,0.001311,5,'2015-10-22 00:14:59'),(4,5,0.001992,1,'2015-10-22 00:14:59'),(5,3,0.00132,5,'2015-10-22 00:14:59'),(5,5,0.001519,1,'2015-10-22 00:14:59'),(6,3,0.002289,1,'2015-10-22 00:14:59'),(6,5,0.00145,5,'2015-10-22 00:14:59'),(7,3,0.002543,5,'2015-10-22 00:14:59'),(7,5,0.003555,1,'2015-10-22 00:14:59'),(8,3,0.001315,1,'2015-10-22 00:14:59'),(8,5,0.001251,5,'2015-10-22 00:14:59'),(9,3,0.001286,5,'2015-10-22 00:14:59'),(9,5,0.001475,1,'2015-10-22 00:14:59'),(10,3,0.00133,1,'2015-10-22 00:14:59'),(10,5,0.001237,5,'2015-10-22 00:14:59'),(11,3,0.001805,1,'2015-10-22 00:14:59'),(11,5,0.001254,5,'2015-10-22 00:14:59'),(12,3,0.001284,5,'2015-10-22 00:14:59'),(12,5,0.001415,1,'2015-10-22 00:14:59'),(13,3,0.001297,5,'2015-10-22 00:14:59'),(13,5,0.001759,1,'2015-10-22 00:14:59'),(14,3,0.004025,1,'2015-10-22 00:14:59'),(14,5,0.002295,5,'2015-10-22 00:14:59'),(15,3,0.001944,5,'2015-10-22 00:14:59'),(15,5,0.003393,1,'2015-10-22 00:14:59'),(16,3,0.00444,1,'2015-10-22 00:14:59'),(16,5,0.003226,5,'2015-10-22 00:14:59'),(17,3,0.001536,5,'2015-10-22 00:14:59'),(17,5,0.002504,1,'2015-10-22 00:14:59'),(18,3,0.002486,1,'2015-10-22 00:14:59'),(18,5,0.002467,5,'2015-10-22 00:14:59'),(19,3,0.00253,5,'2015-10-22 00:14:59'),(19,5,0.003398,1,'2015-10-22 00:14:59'),(20,3,0.001494,5,'2015-10-22 00:14:59'),(20,5,0.002867,1,'2015-10-22 00:14:59'),(21,3,0.001557,1,'2015-10-22 00:14:59'),(21,5,0.001215,5,'2015-10-22 00:14:59'),(22,3,0.001388,5,'2015-10-22 00:14:59'),(22,5,0.002213,1,'2015-10-22 00:14:59'),(23,3,0.001264,1,'2015-10-22 00:14:59'),(23,5,0.001262,5,'2015-10-22 00:14:59'),(24,3,0.001316,1,'2015-10-22 00:14:59'),(24,5,0.001261,5,'2015-10-22 00:14:59'),(25,3,0.001444,5,'2015-10-22 00:14:59'),(25,5,0.001916,1,'2015-10-22 00:14:59'),(26,3,0.001564,1,'2015-10-22 00:14:59'),(26,5,0.001273,5,'2015-10-22 00:14:59'),(27,3,0.001656,1,'2015-10-22 00:14:59'),(27,5,0.001539,5,'2015-10-22 00:14:59'),(28,3,0.001986,5,'2015-10-22 00:14:59'),(28,5,0.00426,1,'2015-10-22 00:14:59'),(29,3,0.002098,1,'2015-10-22 00:14:59'),(29,5,0.001825,5,'2015-10-22 00:14:59'),(30,3,0.002198,1,'2015-10-22 00:14:59'),(30,5,0.00182,5,'2015-10-22 00:14:59'),(31,3,0.003027,1,'2015-10-22 00:14:59'),(31,5,0.002837,5,'2015-10-22 00:14:59'),(32,3,0.002526,1,'2015-10-22 00:14:59'),(32,5,0.002213,5,'2015-10-22 00:14:59'),(33,3,0.003993,1,'2015-10-22 00:14:59'),(33,5,0.002766,5,'2015-10-22 00:14:59'),(34,3,0.003785,1,'2015-10-22 00:14:59'),(34,5,0.001747,5,'2015-10-22 00:14:59'),(35,3,0.004464,1,'2015-10-22 00:14:59'),(35,5,0.001586,5,'2015-10-22 00:14:59'),(36,3,0.001665,5,'2015-10-22 00:14:59'),(36,5,0.005221,1,'2015-10-22 00:14:59'),(37,3,0.002284,1,'2015-10-22 00:14:59'),(37,5,0.001955,5,'2015-10-22 00:14:59'),(38,3,0.002575,5,'2015-10-22 00:14:59'),(38,5,0.00295,1,'2015-10-22 00:14:59'),(39,3,0.002071,1,'2015-10-22 00:14:59'),(39,5,0.001561,5,'2015-10-22 00:14:59'),(40,3,0.004499,1,'2015-10-22 00:14:59'),(40,5,0.002167,5,'2015-10-22 00:14:59'),(41,3,0.001783,5,'2015-10-22 00:14:59'),(41,5,0.002833,1,'2015-10-22 00:14:59'),(42,3,0.004581,1,'2015-10-22 00:14:59'),(42,5,0.002431,5,'2015-10-22 00:14:59'),(43,3,0.003603,1,'2015-10-22 00:14:59'),(43,5,0.001475,5,'2015-10-22 00:14:59'),(44,3,0.001476,1,'2015-10-22 00:14:59'),(44,5,0.001447,5,'2015-10-22 00:14:59'),(45,3,0.001975,1,'2015-10-22 00:14:59'),(45,5,0.001254,5,'2015-10-22 00:14:59'),(46,3,0.001269,5,'2015-10-22 00:14:59'),(46,5,0.001346,1,'2015-10-22 00:14:59'),(47,3,0.003171,1,'2015-10-22 00:14:59'),(47,5,0.001697,5,'2015-10-22 00:14:59'),(48,3,0.003669,1,'2015-10-22 00:14:59'),(48,5,0.001295,5,'2015-10-22 00:14:59'),(49,3,0.003231,1,'2015-10-22 00:14:59'),(49,5,0.002598,5,'2015-10-22 00:14:59'),(50,3,0.003467,5,'2015-10-22 00:14:59'),(50,5,0.004302,1,'2015-10-22 00:14:59'),(51,3,0.001778,5,'2015-10-22 00:14:59'),(51,5,0.002174,1,'2015-10-22 00:14:59'),(52,3,0.003144,1,'2015-10-22 00:14:59'),(52,5,0.001784,5,'2015-10-22 00:14:59'),(53,3,0.00314,1,'2015-10-22 00:14:59'),(53,5,0.001407,5,'2015-10-22 00:14:59'),(54,3,0.004464,1,'2015-10-22 00:14:59'),(54,5,0.004185,5,'2015-10-22 00:14:59'),(55,3,0.003559,1,'2015-10-22 00:14:59'),(55,5,0.001887,5,'2015-10-22 00:14:59'),(56,3,0.003666,1,'2015-10-22 00:14:59'),(56,5,0.001968,5,'2015-10-22 00:14:59'),(57,3,0.001464,5,'2015-10-22 00:14:59'),(57,5,0.001577,1,'2015-10-22 00:14:59'),(58,3,0.001898,5,'2015-10-22 00:14:59'),(58,5,0.003518,1,'2015-10-22 00:14:59'),(59,3,0.001299,5,'2015-10-22 00:14:59'),(59,5,0.001301,1,'2015-10-22 00:14:59'),(60,3,0.001282,5,'2015-10-22 00:14:59'),(60,5,0.001529,1,'2015-10-22 00:14:59'),(61,3,0.001395,5,'2015-10-22 00:14:59'),(61,5,0.001918,1,'2015-10-22 00:14:59'),(62,3,0.001635,1,'2015-10-22 00:14:59'),(62,5,0.001467,5,'2015-10-22 00:14:59'),(63,3,0.002026,1,'2015-10-22 00:14:59'),(63,5,0.001273,5,'2015-10-22 00:14:59'),(64,3,0.001843,1,'2015-10-22 00:14:59'),(64,5,0.001813,5,'2015-10-22 00:14:59'),(65,3,0.001633,5,'2015-10-22 00:14:59'),(65,5,0.001969,1,'2015-10-22 00:14:59'),(66,3,0.00125,5,'2015-10-22 00:14:59'),(66,5,0.001509,1,'2015-10-22 00:14:59'),(67,3,0.001421,5,'2015-10-22 00:14:59'),(67,5,0.002584,1,'2015-10-22 00:14:59'),(68,3,0.004376,1,'2015-10-22 00:14:59'),(68,5,0.004189,5,'2015-10-22 00:14:59'),(69,3,0.001652,5,'2015-10-22 00:14:59'),(69,5,0.004295,1,'2015-10-22 00:14:59'),(70,3,0.00174,5,'2015-10-22 00:14:59'),(70,5,0.00334,1,'2015-10-22 00:14:59'),(71,3,0.001594,5,'2015-10-22 00:14:59'),(71,5,0.004234,1,'2015-10-22 00:14:59'),(72,3,0.001999,1,'2015-10-22 00:14:59'),(72,5,0.001303,5,'2015-10-22 00:14:59'),(73,3,0.001237,5,'2015-10-22 00:14:59'),(73,5,0.001601,1,'2015-10-22 00:14:59'),(74,3,0.004326,1,'2015-10-22 00:14:59'),(74,5,0.002121,5,'2015-10-22 00:14:59'),(75,3,0.001778,1,'2015-10-22 00:14:59'),(75,5,0.001597,5,'2015-10-22 00:14:59'),(76,3,0.001363,5,'2015-10-22 00:14:59'),(76,5,0.001478,1,'2015-10-22 00:14:59'),(77,3,0.004289,1,'2015-10-22 00:14:59'),(77,5,0.00306,5,'2015-10-22 00:14:59'),(78,3,0.001323,5,'2015-10-22 00:14:59'),(78,5,0.002179,1,'2015-10-22 00:14:59'),(79,3,0.002173,5,'2015-10-22 00:14:59'),(79,5,0.003557,1,'2015-10-22 00:14:59'),(80,3,0.004478,1,'2015-10-22 00:14:59'),(80,5,0.002365,5,'2015-10-22 00:14:59'),(81,3,0.001333,5,'2015-10-22 00:14:59'),(81,5,0.001957,1,'2015-10-22 00:14:59'),(82,3,0.00261,5,'2015-10-22 00:14:59'),(82,5,0.003047,1,'2015-10-22 00:14:59'),(83,3,0.003289,1,'2015-10-22 00:14:59'),(83,5,0.001697,5,'2015-10-22 00:14:59'),(84,3,0.001313,5,'2015-10-22 00:14:59'),(84,5,0.001901,1,'2015-10-22 00:14:59'),(85,3,0.003929,1,'2015-10-22 00:14:59'),(85,5,0.001883,5,'2015-10-22 00:14:59'),(86,3,0.001824,5,'2015-10-22 00:14:59'),(86,5,0.002446,1,'2015-10-22 00:14:59'),(87,3,0.001501,5,'2015-10-22 00:14:59'),(87,5,0.003893,1,'2015-10-22 00:14:59'),(88,3,0.002214,1,'2015-10-22 00:14:59'),(88,5,0.002155,5,'2015-10-22 00:14:59'),(89,3,0.002009,1,'2015-10-22 00:14:59'),(89,5,0.001722,5,'2015-10-22 00:14:59'),(90,3,0.002932,1,'2015-10-22 00:14:59'),(90,5,0.002365,5,'2015-10-22 00:14:59'),(91,3,0.001244,1,'2015-10-22 00:14:59'),(91,5,0.001121,5,'2015-10-22 00:14:59'),(92,3,0.001333,5,'2015-10-22 00:14:59'),(92,5,0.001846,1,'2015-10-22 00:14:59'),(93,3,0.001351,1,'2015-10-22 00:14:59'),(93,5,0.001265,5,'2015-10-22 00:14:59'),(94,3,0.002229,1,'2015-10-22 00:14:59'),(94,5,0.001349,5,'2015-10-22 00:14:59'),(95,3,0.00384,1,'2015-10-22 00:14:59'),(95,5,0.001634,5,'2015-10-22 00:14:59'),(96,3,0.001774,1,'2015-10-22 00:14:59'),(96,5,0.00137,5,'2015-10-22 00:14:59'),(97,3,0.003839,1,'2015-10-22 00:14:59'),(97,5,0.001511,5,'2015-10-22 00:14:59'),(98,3,0.002006,5,'2015-10-22 00:14:59'),(98,5,0.003375,1,'2015-10-22 00:14:59'),(99,3,0.001289,5,'2015-10-22 00:14:59'),(99,5,0.001519,1,'2015-10-22 00:14:59'),(100,3,0.001298,1,'2015-10-22 00:14:59'),(100,5,0.001241,5,'2015-10-22 00:14:59'),(101,3,0.001376,1,'2015-10-22 00:14:59'),(101,5,0.001249,5,'2015-10-22 00:14:59'),(102,3,0.001281,1,'2015-10-22 00:14:59'),(102,5,0.001241,5,'2015-10-22 00:14:59'),(103,3,0.001291,5,'2015-10-22 00:14:59'),(103,5,0.001458,1,'2015-10-22 00:14:59'),(104,3,0.001914,5,'2015-10-22 00:14:59'),(104,5,0.002155,1,'2015-10-22 00:14:59'),(105,3,0.001273,5,'2015-10-22 00:14:59'),(105,5,0.002431,1,'2015-10-22 00:14:59'),(106,3,0.002072,5,'2015-10-22 00:14:59'),(106,5,0.002452,1,'2015-10-22 00:14:59'),(107,3,0.001649,1,'2015-10-22 00:14:59'),(107,5,0.001469,5,'2015-10-22 00:14:59'),(108,3,0.002154,5,'2015-10-22 00:14:59'),(108,5,0.002544,1,'2015-10-22 00:14:59'),(109,3,0.003633,1,'2015-10-22 00:14:59'),(109,5,0.003404,5,'2015-10-22 00:14:59'),(110,3,0.004442,1,'2015-10-22 00:14:59'),(110,5,0.002707,5,'2015-10-22 00:14:59'),(111,3,0.001698,5,'2015-10-22 00:14:59'),(111,5,0.002599,1,'2015-10-22 00:14:59'),(112,3,0.00129,5,'2015-10-22 00:14:59'),(112,5,0.003249,1,'2015-10-22 00:14:59'),(113,3,0.003527,1,'2015-10-22 00:14:59'),(113,5,0.002302,5,'2015-10-22 00:14:59'),(114,3,0.001334,5,'2015-10-22 00:14:59'),(114,5,0.002534,1,'2015-10-22 00:14:59'),(115,3,0.001662,1,'2015-10-22 00:14:59'),(115,5,0.001537,5,'2015-10-22 00:14:59'),(116,3,0.002521,1,'2015-10-22 00:14:59'),(116,5,0.001926,5,'2015-10-22 00:14:59'),(117,3,0.001663,5,'2015-10-22 00:14:59'),(117,5,0.002146,1,'2015-10-22 00:14:59'),(118,3,0.001312,5,'2015-10-22 00:14:59'),(118,5,0.002577,1,'2015-10-22 00:14:59'),(119,3,0.003521,1,'2015-10-22 00:14:59'),(119,5,0.003365,5,'2015-10-22 00:14:59'),(120,3,0.001406,1,'2015-10-22 00:14:59'),(120,5,0.001289,5,'2015-10-22 00:14:59'),(121,3,0.004078,1,'2015-10-22 00:14:59'),(121,5,0.002143,5,'2015-10-22 00:14:59'),(122,3,0.003413,1,'2015-10-22 00:14:59'),(122,5,0.001626,5,'2015-10-22 00:14:59'),(123,3,0.00348,1,'2015-10-22 00:14:59'),(123,5,0.001652,5,'2015-10-22 00:14:59'),(124,3,0.003936,1,'2015-10-22 00:14:59'),(124,5,0.00166,5,'2015-10-22 00:14:59'),(125,3,0.00139,5,'2015-10-22 00:14:59'),(125,5,0.002683,1,'2015-10-22 00:14:59'),(126,3,0.004196,1,'2015-10-22 00:14:59'),(126,5,0.001177,5,'2015-10-22 00:14:59'),(127,3,0.001514,5,'2015-10-22 00:14:59'),(127,5,0.002218,1,'2015-10-22 00:14:59'),(128,3,0.004424,1,'2015-10-22 00:14:59'),(128,5,0.001629,5,'2015-10-22 00:14:59'),(129,3,0.001243,5,'2015-10-22 00:14:59'),(129,5,0.002212,1,'2015-10-22 00:14:59'),(130,3,0.002988,1,'2015-10-22 00:14:59'),(130,5,0.001592,5,'2015-10-22 00:14:59'),(131,3,0.001202,5,'2015-10-22 00:14:59'),(131,5,0.001585,1,'2015-10-22 00:14:59'),(132,3,0.00219,5,'2015-10-22 00:14:59'),(132,5,0.002205,1,'2015-10-22 00:14:59'),(133,3,0.001892,5,'2015-10-22 00:14:59'),(133,5,0.002494,1,'2015-10-22 00:14:59'),(134,3,0.002357,5,'2015-10-22 00:14:59'),(134,5,0.003561,1,'2015-10-22 00:14:59'),(135,3,0.003599,1,'2015-10-22 00:14:59'),(135,5,0.002395,5,'2015-10-22 00:14:59'),(136,3,0.001821,5,'2015-10-22 00:14:59'),(136,5,0.003111,1,'2015-10-22 00:14:59'),(137,3,0.003001,1,'2015-10-22 00:14:59'),(137,5,0.002421,5,'2015-10-22 00:14:59'),(138,3,0.003237,1,'2015-10-22 00:14:59'),(138,5,0.002456,5,'2015-10-22 00:14:59'),(139,3,0.0013,5,'2015-10-22 00:14:59'),(139,5,0.001711,1,'2015-10-22 00:14:59'),(140,3,0.002563,5,'2015-10-22 00:14:59'),(140,5,0.003452,1,'2015-10-22 00:14:59'),(141,3,0.00256,1,'2015-10-22 00:14:59'),(141,5,0.001713,5,'2015-10-22 00:14:59'),(142,3,0.001459,5,'2015-10-22 00:14:59'),(142,5,0.002974,1,'2015-10-22 00:14:59'),(143,3,0.001274,5,'2015-10-22 00:14:59'),(143,5,0.001726,1,'2015-10-22 00:14:59'),(144,3,0.001803,5,'2015-10-22 00:14:59'),(144,5,0.002464,1,'2015-10-22 00:14:59'),(145,3,0.00224,5,'2015-10-22 00:14:59'),(145,5,0.004027,1,'2015-10-22 00:14:59'),(146,3,0.001509,1,'2015-10-22 00:14:59'),(146,5,0.001325,5,'2015-10-22 00:14:59'),(147,3,0.001633,5,'2015-10-22 00:14:59'),(147,5,0.004492,1,'2015-10-22 00:14:59'),(148,3,0.003516,1,'2015-10-22 00:14:59'),(148,5,0.003385,5,'2015-10-22 00:14:59'),(149,3,0.002352,5,'2015-10-22 00:14:59'),(149,5,0.002471,1,'2015-10-22 00:14:59'),(150,3,0.005211,1,'2015-10-22 00:14:59'),(150,5,0.001631,5,'2015-10-22 00:14:59'),(151,3,0.002968,1,'2015-10-22 00:14:59'),(151,5,0.002513,5,'2015-10-22 00:14:59'),(152,3,0.003126,1,'2015-10-22 00:14:59'),(152,5,0.001791,5,'2015-10-22 00:14:59'),(153,3,0.001619,5,'2015-10-22 00:14:59'),(153,5,0.002451,1,'2015-10-22 00:14:59'),(154,3,0.00149,5,'2015-10-22 00:14:59'),(154,5,0.001499,1,'2015-10-22 00:14:59'),(155,3,0.004193,1,'2015-10-22 00:14:59'),(155,5,0.00143,5,'2015-10-22 00:14:59'),(156,3,0.00144,1,'2015-10-22 00:14:59'),(156,5,0.001374,5,'2015-10-22 00:14:59'),(157,3,0.00342,1,'2015-10-22 00:14:59'),(157,5,0.001643,5,'2015-10-22 00:14:59'),(158,3,0.002546,1,'2015-10-22 00:14:59'),(158,5,0.001902,5,'2015-10-22 00:14:59'),(159,3,0.001251,1,'2015-10-22 00:14:59'),(159,5,0.001221,5,'2015-10-22 00:14:59'),(160,3,0.003178,1,'2015-10-22 00:14:59'),(160,5,0.002593,5,'2015-10-22 00:14:59'),(161,3,0.002172,1,'2015-10-22 00:14:59'),(161,5,0.001616,5,'2015-10-22 00:14:59'),(162,3,0.003125,1,'2015-10-22 00:14:59'),(162,5,0.002369,5,'2015-10-22 00:14:59'),(163,3,0.002609,1,'2015-10-22 00:14:59'),(163,5,0.00244,5,'2015-10-22 00:14:59'),(164,3,0.004504,1,'2015-10-22 00:14:59'),(164,5,0.003148,5,'2015-10-22 00:14:59'),(165,3,0.004393,1,'2015-10-22 00:14:59'),(165,5,0.004255,5,'2015-10-22 00:14:59'),(166,3,0.002856,5,'2015-10-22 00:14:59'),(166,5,0.003183,1,'2015-10-22 00:14:59'),(167,3,0.001633,5,'2015-10-22 00:14:59'),(167,5,0.001681,1,'2015-10-22 00:14:59'),(168,3,0.003817,1,'2015-10-22 00:14:59'),(168,5,0.002866,5,'2015-10-22 00:14:59'),(169,3,0.002486,1,'2015-10-22 00:14:59'),(169,5,0.001513,5,'2015-10-22 00:14:59'),(170,3,0.004147,1,'2015-10-22 00:14:59'),(170,5,0.003864,5,'2015-10-22 00:14:59'),(171,3,0.00225,1,'2015-10-22 00:14:59'),(171,5,0.002131,5,'2015-10-22 00:14:59'),(172,3,0.001973,1,'2015-10-22 00:14:59'),(172,5,0.001897,5,'2015-10-22 00:14:59'),(173,3,0.002014,5,'2015-10-22 00:14:59'),(173,5,0.003507,1,'2015-10-22 00:14:59'),(174,3,0.004388,1,'2015-10-22 00:14:59'),(174,5,0.001609,5,'2015-10-22 00:14:59'),(175,3,0.002161,1,'2015-10-22 00:14:59'),(175,5,0.002143,5,'2015-10-22 00:14:59'),(176,3,0.00227,1,'2015-10-22 00:14:59'),(176,5,0.001848,5,'2015-10-22 00:14:59'),(177,3,0.003778,1,'2015-10-22 00:14:59'),(177,5,0.001773,5,'2015-10-22 00:14:59'),(178,3,0.002419,5,'2015-10-22 00:14:59'),(178,5,0.002804,1,'2015-10-22 00:14:59'),(179,3,0.002917,5,'2015-10-22 00:14:59'),(179,5,0.004309,1,'2015-10-22 00:14:59'),(180,3,0.001252,5,'2015-10-22 00:14:59'),(180,5,0.001739,1,'2015-10-22 00:14:59'),(181,3,0.001304,1,'2015-10-22 00:14:59'),(181,5,0.001197,5,'2015-10-22 00:14:59'),(182,3,0.002446,1,'2015-10-22 00:14:59'),(182,5,0.00194,5,'2015-10-22 00:14:59'),(183,3,0.002393,5,'2015-10-22 00:14:59'),(183,5,0.002474,1,'2015-10-22 00:14:59'),(184,3,0.001363,5,'2015-10-22 00:14:59'),(184,5,0.003196,1,'2015-10-22 00:14:59'),(185,3,0.004379,1,'2015-10-22 00:14:59'),(185,5,0.002367,5,'2015-10-22 00:14:59'),(186,3,0.004159,1,'2015-10-22 00:14:59'),(186,5,0.00193,5,'2015-10-22 00:14:59'),(187,3,0.00454,1,'2015-10-22 00:14:59'),(187,5,0.002873,5,'2015-10-22 00:14:59'),(188,3,0.003476,1,'2015-10-22 00:14:59'),(188,5,0.002042,5,'2015-10-22 00:14:59'),(189,3,0.002532,5,'2015-10-22 00:14:59'),(189,5,0.002946,1,'2015-10-22 00:14:59'),(190,3,0.00158,5,'2015-10-22 00:14:59'),(190,5,0.00181,1,'2015-10-22 00:14:59'),(191,3,0.001636,5,'2015-10-22 00:14:59'),(191,5,0.001866,1,'2015-10-22 00:14:59'),(192,3,0.001977,1,'2015-10-22 00:14:59'),(192,5,0.001905,5,'2015-10-22 00:14:59'),(193,3,0.001372,5,'2015-10-22 00:14:59'),(193,5,0.001404,1,'2015-10-22 00:14:59'),(194,3,0.001937,5,'2015-10-22 00:14:59'),(194,5,0.002223,1,'2015-10-22 00:14:59'),(195,3,0.001695,5,'2015-10-22 00:14:59'),(195,5,0.002304,1,'2015-10-22 00:14:59'),(196,3,0.001665,5,'2015-10-22 00:14:59'),(196,5,0.001796,1,'2015-10-22 00:14:59'),(197,3,0.001807,5,'2015-10-22 00:14:59'),(197,5,0.002154,1,'2015-10-22 00:14:59'),(198,3,0.003515,1,'2015-10-22 00:14:59'),(198,5,0.003141,5,'2015-10-22 00:14:59'),(199,3,0.001656,5,'2015-10-22 00:14:59'),(199,5,0.005157,1,'2015-10-22 00:14:59'),(200,3,0.001465,5,'2015-10-22 00:14:59'),(200,5,0.002478,1,'2015-10-22 00:14:59'),(201,3,0.00272,1,'2015-10-22 00:14:59'),(201,5,0.00139,5,'2015-10-22 00:14:59'),(202,3,0.003932,1,'2015-10-22 00:14:59'),(202,5,0.001728,5,'2015-10-22 00:14:59'),(203,3,0.003263,1,'2015-10-22 00:14:59'),(203,5,0.002853,5,'2015-10-22 00:14:59'),(204,3,0.001465,5,'2015-10-22 00:14:59'),(204,5,0.002484,1,'2015-10-22 00:14:59'),(205,3,0.001776,1,'2015-10-22 00:14:59'),(205,5,0.001263,5,'2015-10-22 00:14:59'),(206,3,0.001811,5,'2015-10-22 00:14:59'),(206,5,0.00253,1,'2015-10-22 00:14:59'),(207,3,0.001272,5,'2015-10-22 00:14:59'),(207,5,0.001957,1,'2015-10-22 00:14:59'),(208,3,0.00127,5,'2015-10-22 00:14:59'),(208,5,0.001711,1,'2015-10-22 00:14:59'),(209,3,0.00281,5,'2015-10-22 00:14:59'),(209,5,0.004181,1,'2015-10-22 00:14:59'),(210,3,0.001281,5,'2015-10-22 00:14:59'),(210,5,0.001646,1,'2015-10-22 00:14:59'),(211,3,0.002896,1,'2015-10-22 00:14:59'),(211,5,0.001953,5,'2015-10-22 00:14:59'),(212,3,0.003556,1,'2015-10-22 00:14:59'),(212,5,0.001241,5,'2015-10-22 00:14:59'),(213,3,0.001271,1,'2015-10-22 00:14:59'),(213,5,0.001157,5,'2015-10-22 00:14:59'),(214,3,0.002008,5,'2015-10-22 00:14:59'),(214,5,0.002841,1,'2015-10-22 00:14:59'),(215,3,0.001498,5,'2015-10-22 00:14:59'),(215,5,0.004213,1,'2015-10-22 00:14:59'),(216,3,0.001494,5,'2015-10-22 00:14:59'),(216,5,0.004097,1,'2015-10-22 00:14:59'),(217,3,0.003845,1,'2015-10-22 00:14:59'),(217,5,0.001696,5,'2015-10-22 00:14:59'),(218,3,0.004341,1,'2015-10-22 00:14:59'),(218,5,0.001753,5,'2015-10-22 00:14:59'),(219,3,0.004803,1,'2015-10-22 00:14:59'),(219,5,0.001578,5,'2015-10-22 00:14:59'),(220,3,0.003186,5,'2015-10-22 00:14:59'),(220,5,0.004101,1,'2015-10-22 00:14:59'),(221,3,0.004355,1,'2015-10-22 00:14:59'),(221,5,0.0029,5,'2015-10-22 00:14:59'),(222,3,0.002658,5,'2015-10-22 00:14:59'),(222,5,0.002839,1,'2015-10-22 00:14:59'),(223,3,0.001371,1,'2015-10-22 00:14:59'),(223,5,0.001298,5,'2015-10-22 00:14:59'),(224,3,0.004467,1,'2015-10-22 00:14:59'),(224,5,0.001245,5,'2015-10-22 00:14:59'),(225,3,0.003578,1,'2015-10-22 00:14:59'),(225,5,0.001608,5,'2015-10-22 00:14:59'),(226,3,0.002287,1,'2015-10-22 00:14:59'),(226,5,0.001601,5,'2015-10-22 00:14:59'),(227,3,0.002018,5,'2015-10-22 00:14:59'),(227,5,0.002419,1,'2015-10-22 00:14:59'),(228,3,0.001371,1,'2015-10-22 00:14:59'),(228,5,0.001202,5,'2015-10-22 00:14:59'),(229,3,0.001494,5,'2015-10-22 00:14:59'),(229,5,0.003427,1,'2015-10-22 00:14:59'),(230,3,0.004461,1,'2015-10-22 00:14:59'),(230,5,0.001755,5,'2015-10-22 00:14:59'),(231,3,0.002298,5,'2015-10-22 00:14:59'),(231,5,0.002416,1,'2015-10-22 00:14:59'),(232,3,0.001496,5,'2015-10-22 00:14:59'),(232,5,0.001798,1,'2015-10-22 00:14:59'),(233,3,0.001769,1,'2015-10-22 00:14:59'),(233,5,0.00162,5,'2015-10-22 00:14:59'),(234,3,0.004341,1,'2015-10-22 00:14:59'),(234,5,0.001817,5,'2015-10-22 00:14:59'),(235,3,0.004461,1,'2015-10-22 00:14:59'),(235,5,0.002105,5,'2015-10-22 00:14:59'),(236,3,0.001288,5,'2015-10-22 00:14:59'),(236,5,0.002829,1,'2015-10-22 00:14:59'),(237,3,0.00166,5,'2015-10-22 00:14:59'),(237,5,0.00311,1,'2015-10-22 00:14:59'),(238,3,0.003714,5,'2015-10-22 00:14:59'),(238,5,0.005887,1,'2015-10-22 00:14:59'),(239,3,0.002496,1,'2015-10-22 00:14:59'),(239,5,0.002154,5,'2015-10-22 00:14:59'),(240,3,0.001292,5,'2015-10-22 00:14:59'),(240,5,0.003402,1,'2015-10-22 00:14:59'),(241,3,0.001683,5,'2015-10-22 00:14:59'),(241,5,0.004309,1,'2015-10-22 00:14:59'),(242,3,0.003911,1,'2015-10-22 00:14:59'),(242,5,0.003135,5,'2015-10-22 00:14:59'),(243,3,0.002403,5,'2015-10-22 00:14:59'),(243,5,0.003581,1,'2015-10-22 00:14:59'),(244,3,0.003119,1,'2015-10-22 00:14:59'),(244,5,0.001765,5,'2015-10-22 00:14:59'),(245,3,0.001341,1,'2015-10-22 00:14:59'),(245,5,0.001289,5,'2015-10-22 00:14:59'),(246,3,0.001341,5,'2015-10-22 00:14:59'),(246,5,0.002306,1,'2015-10-22 00:14:59'),(247,3,0.002416,1,'2015-10-22 00:14:59'),(247,5,0.002189,5,'2015-10-22 00:14:59'),(248,3,0.003934,1,'2015-10-22 00:14:59'),(248,5,0.001948,5,'2015-10-22 00:14:59'),(249,3,0.003993,1,'2015-10-22 00:14:59'),(249,5,0.002221,5,'2015-10-22 00:14:59'),(250,3,0.001706,5,'2015-10-22 00:14:59'),(250,5,0.004494,1,'2015-10-22 00:14:59'),(251,3,0.002644,5,'2015-10-22 00:14:59'),(251,5,0.004119,1,'2015-10-22 00:14:59'),(252,3,0.001526,1,'2015-10-22 00:14:59'),(252,5,0.00123,5,'2015-10-22 00:14:59'),(253,3,0.003639,1,'2015-10-22 00:14:59'),(253,5,0.002209,5,'2015-10-22 00:14:59'),(254,3,0.002675,1,'2015-10-22 00:14:59'),(254,5,0.00123,5,'2015-10-22 00:14:59'),(255,3,0.002796,1,'2015-10-22 00:14:59'),(255,5,0.002359,5,'2015-10-22 00:14:59'),(256,3,0.00148,5,'2015-10-22 00:14:59'),(256,5,0.002543,1,'2015-10-22 00:14:59'),(257,3,0.00438,1,'2015-10-22 00:14:59'),(257,5,0.00286,5,'2015-10-22 00:14:59'),(258,3,0.003253,5,'2015-10-22 00:14:59'),(258,5,0.003409,1,'2015-10-22 00:14:59'),(259,3,0.002649,1,'2015-10-22 00:14:59'),(259,5,0.0022,5,'2015-10-22 00:14:59'),(260,3,0.001636,5,'2015-10-22 00:14:59'),(260,5,0.002711,1,'2015-10-22 00:14:59'),(261,3,0.001653,1,'2015-10-22 00:14:59'),(261,5,0.001625,5,'2015-10-22 00:14:59'),(262,3,0.00271,5,'2015-10-22 00:14:59'),(262,5,0.003427,1,'2015-10-22 00:14:59'),(263,3,0.002544,1,'2015-10-22 00:14:59'),(263,5,0.002364,5,'2015-10-22 00:14:59'),(264,3,0.001799,1,'2015-10-22 00:14:59'),(264,5,0.001243,5,'2015-10-22 00:14:59'),(265,3,0.003692,1,'2015-10-22 00:14:59'),(265,5,0.001664,5,'2015-10-22 00:14:59'),(266,3,0.002238,1,'2015-10-22 00:14:59'),(266,5,0.001479,5,'2015-10-22 00:14:59'),(267,3,0.002766,1,'2015-10-22 00:14:59'),(267,5,0.002178,5,'2015-10-22 00:14:59'),(268,3,0.002549,1,'2015-10-22 00:14:59'),(268,5,0.001935,5,'2015-10-22 00:14:59'),(269,3,0.001497,5,'2015-10-22 00:14:59'),(269,5,0.002832,1,'2015-10-22 00:14:59'),(270,3,0.001849,1,'2015-10-22 00:14:59'),(270,5,0.001521,5,'2015-10-22 00:14:59'),(271,3,0.001267,5,'2015-10-22 00:14:59'),(271,5,0.004468,1,'2015-10-22 00:14:59'),(272,3,0.001983,5,'2015-10-22 00:14:59'),(272,5,0.002217,1,'2015-10-22 00:14:59'),(273,3,0.002327,5,'2015-10-22 00:14:59'),(273,5,0.002336,1,'2015-10-22 00:14:59'),(274,3,0.003547,5,'2015-10-22 00:14:59'),(274,5,0.004224,1,'2015-10-22 00:14:59'),(275,3,0.002753,1,'2015-10-22 00:14:59'),(275,5,0.001774,5,'2015-10-22 00:14:59'),(276,3,0.0023,1,'2015-10-22 00:14:59'),(276,5,0.001497,5,'2015-10-22 00:14:59'),(277,3,0.002942,5,'2015-10-22 00:14:59'),(277,5,0.00332,1,'2015-10-22 00:14:59'),(278,3,0.001296,5,'2015-10-22 00:14:59'),(278,5,0.003136,1,'2015-10-22 00:14:59'),(279,3,0.001975,5,'2015-10-22 00:14:59'),(279,5,0.003068,1,'2015-10-22 00:14:59'),(280,3,0.001266,5,'2015-10-22 00:14:59'),(280,5,0.004566,1,'2015-10-22 00:14:59'),(281,3,0.001453,5,'2015-10-22 00:14:59'),(281,5,0.004295,1,'2015-10-22 00:14:59'),(282,3,0.002238,1,'2015-10-22 00:14:59'),(282,5,0.00213,5,'2015-10-22 00:14:59'),(283,3,0.00184,1,'2015-10-22 00:14:59'),(283,5,0.001812,5,'2015-10-22 00:14:59'),(284,3,0.004422,1,'2015-10-22 00:14:59'),(284,5,0.001518,5,'2015-10-22 00:14:59'),(285,3,0.001189,5,'2015-10-22 00:14:59'),(285,5,0.001641,1,'2015-10-22 00:14:59'),(286,3,0.002053,5,'2015-10-22 00:14:59'),(286,5,0.003539,1,'2015-10-22 00:14:59'),(287,3,0.001682,5,'2015-10-22 00:14:59'),(287,5,0.002242,1,'2015-10-22 00:14:59'),(288,3,0.001168,5,'2015-10-22 00:14:59'),(288,5,0.001241,1,'2015-10-22 00:14:59'),(289,3,0.00137,5,'2015-10-22 00:14:59'),(289,5,0.003713,1,'2015-10-22 00:14:59'),(290,3,0.002484,5,'2015-10-22 00:14:59'),(290,5,0.002798,1,'2015-10-22 00:14:59'),(291,3,0.003996,1,'2015-10-22 00:14:59'),(291,5,0.002608,5,'2015-10-22 00:14:59'),(292,3,0.001913,5,'2015-10-22 00:14:59'),(292,5,0.002191,1,'2015-10-22 00:14:59'),(293,3,0.00126,1,'2015-10-22 00:14:59'),(293,5,0.001171,5,'2015-10-22 00:14:59'),(294,3,0.00271,5,'2015-10-22 00:14:59'),(294,5,0.00381,1,'2015-10-22 00:14:59'),(295,3,0.001645,5,'2015-10-22 00:14:59'),(295,5,0.003677,1,'2015-10-22 00:14:59'),(296,3,0.001266,1,'2015-10-22 00:14:59'),(296,5,0.001206,5,'2015-10-22 00:14:59'),(297,3,0.00143,5,'2015-10-22 00:14:59'),(297,5,0.00215,1,'2015-10-22 00:14:59'),(298,3,0.00148,5,'2015-10-22 00:14:59'),(298,5,0.001723,1,'2015-10-22 00:14:59'),(299,3,0.002314,5,'2015-10-22 00:14:59'),(299,5,0.002363,1,'2015-10-22 00:14:59');
/*!40000 ALTER TABLE `rankings` ENABLE KEYS */;
UNLOCK TABLES;

--
-- Table structure for table `users`
--

DROP TABLE IF EXISTS `users`;
/*!40101 SET @saved_cs_client     = @@character_set_client */;
/*!40101 SET character_set_client = utf8 */;
CREATE TABLE `users` (
  `id` int(11) NOT NULL AUTO_INCREMENT,
  `username` varchar(20) NOT NULL,
  `password` varchar(255) NOT NULL,
  `nombre` varchar(45) NOT NULL,
  `apellido` varchar(45) NOT NULL,
  `email` varchar(45) NOT NULL,
  `nacimiento` datetime NOT NULL,
  `created` datetime DEFAULT NULL,
  PRIMARY KEY (`id`)
) ENGINE=InnoDB AUTO_INCREMENT=2 DEFAULT CHARSET=latin1;
/*!40101 SET character_set_client = @saved_cs_client */;

--
-- Dumping data for table `users`
--

LOCK TABLES `users` WRITE;
/*!40000 ALTER TABLE `users` DISABLE KEYS */;
INSERT INTO `users` VALUES (1,'kalu','116393ddd9a3e3049659d05e97ed02d6','karina','pangaro','kaluli@gmail.com','1987-05-20 00:00:00',NULL);
/*!40000 ALTER TABLE `users` ENABLE KEYS */;
UNLOCK TABLES;
/*!40103 SET TIME_ZONE=@OLD_TIME_ZONE */;

/*!40101 SET SQL_MODE=@OLD_SQL_MODE */;
/*!40014 SET FOREIGN_KEY_CHECKS=@OLD_FOREIGN_KEY_CHECKS */;
/*!40014 SET UNIQUE_CHECKS=@OLD_UNIQUE_CHECKS */;
/*!40101 SET CHARACTER_SET_CLIENT=@OLD_CHARACTER_SET_CLIENT */;
/*!40101 SET CHARACTER_SET_RESULTS=@OLD_CHARACTER_SET_RESULTS */;
/*!40101 SET COLLATION_CONNECTION=@OLD_COLLATION_CONNECTION */;
/*!40111 SET SQL_NOTES=@OLD_SQL_NOTES */;

-- Dump completed on 2015-10-22  0:26:48
